{"polyfill":["/polyfill-ae2f3ce0abbef918b0b8.js"],"app":["/app-239a7fa8ad7a4e041562.js"],"gatsby-plugin-image":["/gatsby-plugin-image-d326425c39728a8672a0.js"],"component---src-pages-404-jsx":["/component---src-pages-404-jsx-f24f3d2e1ad13b00e0c4.js"],"component---src-templates-blog-post-archive-blog-post-archive-jsx":["/component---src-templates-blog-post-archive-blog-post-archive-jsx-4838a8aed8d8b6e446fd.js"],"component---src-templates-blog-post-blog-post-jsx":["/component---src-templates-blog-post-blog-post-jsx-8180b6020c0a95cfd103.js"],"component---src-templates-category-page-category-page-jsx":["/component---src-templates-category-page-category-page-jsx-407429dca3be342ae753.js"],"component---src-templates-tag-page-tag-page-jsx":["/component---src-templates-tag-page-tag-page-jsx-3bf4481f69b1c4841c1e.js"]}