{"name":"build-javascript","namedChunkGroups":{"polyfill":{"name":"polyfill","assets":[{"name":"webpack-runtime-654216a25c843130325d.js","size":5518},{"name":"commons-5916e867e15938cd54f1.js","size":59078},{"name":"dc6a8720040df98778fe970bf6c000a41750d3ae-4090023c34c9ed78104d.js","size":13545},{"name":"polyfill-ae2f3ce0abbef918b0b8.js","size":88827}],"filteredAssets":0,"assetsSize":166968,"filteredAuxiliaryAssets":4,"auxiliaryAssetsSize":542440},"app":{"name":"app","assets":[{"name":"webpack-runtime-654216a25c843130325d.js","size":5518},{"name":"styles.89de40d597207e76d13f.css","size":33175},{"name":"framework-c0adfb211c8f09167c53.js","size":148422},{"name":"dc6a8720040df98778fe970bf6c000a41750d3ae-4090023c34c9ed78104d.js","size":13545},{"name":"app-239a7fa8ad7a4e041562.js","size":71899}],"filteredAssets":0,"assetsSize":272559,"filteredAuxiliaryAssets":40,"auxiliaryAssetsSize":1512337},"gatsby-plugin-image":{"name":"gatsby-plugin-image","assets":[{"name":"8261bf0c004bfd2334163c2a980d0d5f12ac9497-97234e72ccae8a639523.js","size":17344},{"name":"gatsby-plugin-image-d326425c39728a8672a0.js","size":579}],"filteredAssets":0,"assetsSize":17923,"filteredAuxiliaryAssets":1,"auxiliaryAssetsSize":76626},"component---src-pages-404-jsx":{"name":"component---src-pages-404-jsx","assets":[{"name":"styles.89de40d597207e76d13f.css","size":33175},{"name":"commons-5916e867e15938cd54f1.js","size":59078},{"name":"component---src-pages-404-jsx-f24f3d2e1ad13b00e0c4.js","size":1045}],"filteredAssets":0,"assetsSize":93298,"filteredAuxiliaryAssets":38,"auxiliaryAssetsSize":1005888},"component---src-templates-blog-post-archive-blog-post-archive-jsx":{"name":"component---src-templates-blog-post-archive-blog-post-archive-jsx","assets":[{"name":"styles.89de40d597207e76d13f.css","size":33175},{"name":"commons-5916e867e15938cd54f1.js","size":59078},{"name":"8261bf0c004bfd2334163c2a980d0d5f12ac9497-97234e72ccae8a639523.js","size":17344},{"name":"109a27f166c4674df9d40a4e49829f6d6abd6906-69a3a14ab0fe101d7819.js","size":10154},{"name":"component---src-templates-blog-post-archive-blog-post-archive-jsx-4838a8aed8d8b6e446fd.js","size":1292}],"filteredAssets":0,"assetsSize":121043,"filteredAuxiliaryAssets":40,"auxiliaryAssetsSize":1118098},"component---src-templates-blog-post-blog-post-jsx":{"name":"component---src-templates-blog-post-blog-post-jsx","assets":[{"name":"styles.89de40d597207e76d13f.css","size":33175},{"name":"commons-5916e867e15938cd54f1.js","size":59078},{"name":"component---src-templates-blog-post-blog-post-jsx-8180b6020c0a95cfd103.js","size":15872}],"filteredAssets":0,"assetsSize":108125,"filteredAuxiliaryAssets":38,"auxiliaryAssetsSize":1059578},"component---src-templates-category-page-category-page-jsx":{"name":"component---src-templates-category-page-category-page-jsx","assets":[{"name":"styles.89de40d597207e76d13f.css","size":33175},{"name":"commons-5916e867e15938cd54f1.js","size":59078},{"name":"8261bf0c004bfd2334163c2a980d0d5f12ac9497-97234e72ccae8a639523.js","size":17344},{"name":"109a27f166c4674df9d40a4e49829f6d6abd6906-69a3a14ab0fe101d7819.js","size":10154},{"name":"component---src-templates-category-page-category-page-jsx-407429dca3be342ae753.js","size":830}],"filteredAssets":0,"assetsSize":120581,"filteredAuxiliaryAssets":40,"auxiliaryAssetsSize":1116609},"component---src-templates-tag-page-tag-page-jsx":{"name":"component---src-templates-tag-page-tag-page-jsx","assets":[{"name":"styles.89de40d597207e76d13f.css","size":33175},{"name":"commons-5916e867e15938cd54f1.js","size":59078},{"name":"8261bf0c004bfd2334163c2a980d0d5f12ac9497-97234e72ccae8a639523.js","size":17344},{"name":"109a27f166c4674df9d40a4e49829f6d6abd6906-69a3a14ab0fe101d7819.js","size":10154},{"name":"component---src-templates-tag-page-tag-page-jsx-3bf4481f69b1c4841c1e.js","size":805}],"filteredAssets":0,"assetsSize":120556,"filteredAuxiliaryAssets":40,"auxiliaryAssetsSize":1116482}},"assetsByChunkName":{"polyfill":["webpack-runtime-654216a25c843130325d.js","commons-5916e867e15938cd54f1.js","dc6a8720040df98778fe970bf6c000a41750d3ae-4090023c34c9ed78104d.js","polyfill-ae2f3ce0abbef918b0b8.js"],"app":["webpack-runtime-654216a25c843130325d.js","styles.89de40d597207e76d13f.css","framework-c0adfb211c8f09167c53.js","dc6a8720040df98778fe970bf6c000a41750d3ae-4090023c34c9ed78104d.js","app-239a7fa8ad7a4e041562.js"],"gatsby-plugin-image":["8261bf0c004bfd2334163c2a980d0d5f12ac9497-97234e72ccae8a639523.js","gatsby-plugin-image-d326425c39728a8672a0.js"],"component---src-pages-404-jsx":["styles.89de40d597207e76d13f.css","commons-5916e867e15938cd54f1.js","component---src-pages-404-jsx-f24f3d2e1ad13b00e0c4.js"],"component---src-templates-blog-post-archive-blog-post-archive-jsx":["styles.89de40d597207e76d13f.css","commons-5916e867e15938cd54f1.js","8261bf0c004bfd2334163c2a980d0d5f12ac9497-97234e72ccae8a639523.js","109a27f166c4674df9d40a4e49829f6d6abd6906-69a3a14ab0fe101d7819.js","component---src-templates-blog-post-archive-blog-post-archive-jsx-4838a8aed8d8b6e446fd.js"],"component---src-templates-blog-post-blog-post-jsx":["styles.89de40d597207e76d13f.css","commons-5916e867e15938cd54f1.js","component---src-templates-blog-post-blog-post-jsx-8180b6020c0a95cfd103.js"],"component---src-templates-category-page-category-page-jsx":["styles.89de40d597207e76d13f.css","commons-5916e867e15938cd54f1.js","8261bf0c004bfd2334163c2a980d0d5f12ac9497-97234e72ccae8a639523.js","109a27f166c4674df9d40a4e49829f6d6abd6906-69a3a14ab0fe101d7819.js","component---src-templates-category-page-category-page-jsx-407429dca3be342ae753.js"],"component---src-templates-tag-page-tag-page-jsx":["styles.89de40d597207e76d13f.css","commons-5916e867e15938cd54f1.js","8261bf0c004bfd2334163c2a980d0d5f12ac9497-97234e72ccae8a639523.js","109a27f166c4674df9d40a4e49829f6d6abd6906-69a3a14ab0fe101d7819.js","component---src-templates-tag-page-tag-page-jsx-3bf4481f69b1c4841c1e.js"]},"childAssetsByChunkName":{}}