{"data":{"menu":{"id":"dGVybTo4NTg=","menuItems":{"nodes":[{"id":"cG9zdDoyMTQ0","label":"Home","url":"/"},{"id":"cG9zdDoyMTI3","label":"Basic","url":"/category/basic/"},{"id":"cG9zdDoyMTI4","label":"Web development","url":"/category/web-development/"},{"id":"cG9zdDoyMTM2","label":"Architecture","url":"/category/architecture/"},{"id":"cG9zdDoyMTM3","label":"Education","url":"/category/education/"},{"id":"cG9zdDoyMTM4","label":"Time management","url":"/category/time-management/"},{"id":"cG9zdDoyMTM5","label":"Templates","url":"/category/templates/"}]}}}}